,parameter,value
0,constant,3.233671779224869
1,A,320.54296636702315
2,tau,2.03285390395521
