,parameter,value
0,constant,50.50089308717297
1,A,2837.3637359704408
2,tau,2.042392952376593
