,parameter,value
0,constant,11.73505561350389
1,A,907.198432830751
2,tau,2.061076911259052
