,parameter,value
0,constant,23.924474924159867
1,A,1589.5374072430568
2,tau,2.0231103556015357
