,parameter,value
0,constant,6.413111613809773
1,A,446.13919643563116
2,tau,1.943679307834667
