,parameter,value
0,constant,6.820169805166132
1,A,588.2504108909504
2,tau,2.0696220279489856
