,parameter,value
0,constant,6.820169805153167
1,A,588.250410890756
2,tau,2.0696220279496544
